-- phpMyAdmin SQL Dump
-- version 5.1.1
-- https://www.phpmyadmin.net/
--
-- Host: 127.0.0.1
-- Generation Time: Mar 08, 2022 at 08:46 AM
-- Server version: 10.4.20-MariaDB
-- PHP Version: 8.0.8

SET SQL_MODE = "NO_AUTO_VALUE_ON_ZERO";
START TRANSACTION;
SET time_zone = "+00:00";


/*!40101 SET @OLD_CHARACTER_SET_CLIENT=@@CHARACTER_SET_CLIENT */;
/*!40101 SET @OLD_CHARACTER_SET_RESULTS=@@CHARACTER_SET_RESULTS */;
/*!40101 SET @OLD_COLLATION_CONNECTION=@@COLLATION_CONNECTION */;
/*!40101 SET NAMES utf8mb4 */;

--
-- Database: `pessdb`
--

-- --------------------------------------------------------

--
-- Table structure for table `dispatch`
--

CREATE TABLE `dispatch` (
  `incident_id` int(11) NOT NULL,
  `patrolcar_id` varchar(10) NOT NULL,
  `time_dispatch` datetime DEFAULT NULL,
  `time_arrived` datetime DEFAULT NULL,
  `time_completed` datetime DEFAULT NULL
) ENGINE=InnoDB DEFAULT CHARSET=utf8mb4;

--
-- Dumping data for table `dispatch`
--

INSERT INTO `dispatch` (`incident_id`, `patrolcar_id`, `time_dispatch`, `time_arrived`, `time_completed`) VALUES
(127, 'QX1111A', '2022-03-07 13:43:05', NULL, '2022-03-08 14:01:46');

-- --------------------------------------------------------

--
-- Table structure for table `incident`
--

CREATE TABLE `incident` (
  `incident_id` int(11) NOT NULL,
  `caller_name` varchar(30) NOT NULL,
  `phone_number` varchar(10) NOT NULL,
  `incident_type_id` varchar(3) NOT NULL,
  `incident_location` varchar(50) NOT NULL,
  `incident_desc` varchar(100) NOT NULL,
  `incident_status_id` varchar(1) NOT NULL,
  `time_called` datetime NOT NULL
) ENGINE=InnoDB DEFAULT CHARSET=utf8mb4;

--
-- Dumping data for table `incident`
--

INSERT INTO `incident` (`incident_id`, `caller_name`, `phone_number`, `incident_type_id`, `incident_location`, `incident_desc`, `incident_status_id`, `time_called`) VALUES
(121, 'David', '89982234', '060', 'Outside ITE CW', 'Car Crash Outside ITE CW', '2', '2022-02-28 11:17:18'),
(122, 'David', '89982234', '060', 'Outside ITE CW', 'Car Crash Outside ITE CW', '2', '2022-02-28 11:19:38'),
(123, 'David', '89982234', '010', 'CCK', 'Fire at CCK		', '2', '2022-03-01 13:31:53'),
(124, 'David', '89982234', '010', 'Outside ITE CW', 'Fire outside of ITE CW', '2', '2022-03-07 11:58:17'),
(125, 'David', '89982234', '010', 'Outside ITE CW', 'Fire outside ite cw', '2', '2022-03-07 13:41:03'),
(126, 'David', '912384345', '010', 'Outside ITE CW', '		Fire outside ite cw', '2', '2022-03-07 13:42:20'),
(127, 'David', '89982234', '010', 'Outside ITE CW', '	Fire outside ite cw	', '3', '2022-03-07 13:43:05');

-- --------------------------------------------------------

--
-- Table structure for table `incident_status`
--

CREATE TABLE `incident_status` (
  `incident_status_id` varchar(1) NOT NULL,
  `incident_status_desc` varchar(20) NOT NULL
) ENGINE=InnoDB DEFAULT CHARSET=utf8mb4;

--
-- Dumping data for table `incident_status`
--

INSERT INTO `incident_status` (`incident_status_id`, `incident_status_desc`) VALUES
('1', 'Pending'),
('2', 'Dispatched'),
('3', 'Completed');

-- --------------------------------------------------------

--
-- Table structure for table `incident_type`
--

CREATE TABLE `incident_type` (
  `incident_type_id` varchar(3) NOT NULL,
  `incident_type_desc` varchar(20) NOT NULL
) ENGINE=InnoDB DEFAULT CHARSET=utf8mb4;

--
-- Dumping data for table `incident_type`
--

INSERT INTO `incident_type` (`incident_type_id`, `incident_type_desc`) VALUES
('010', 'Fire'),
('020', 'Riot'),
('030', 'Burglary'),
('040', 'Domestic Violent'),
('050', 'Falling Tree'),
('060', 'Traffic Accident'),
('070', 'Loan Shark'),
('080', 'Other');

-- --------------------------------------------------------

--
-- Table structure for table `patrolcar`
--

CREATE TABLE `patrolcar` (
  `patrolcar_id` varchar(10) NOT NULL,
  `patrolcar_status_id` varchar(1) NOT NULL
) ENGINE=InnoDB DEFAULT CHARSET=utf8mb4;

--
-- Dumping data for table `patrolcar`
--

INSERT INTO `patrolcar` (`patrolcar_id`, `patrolcar_status_id`) VALUES
('QX1112V', '1'),
('QX1111A', '3'),
('QX1234M', '3'),
('QX2222B', '3'),
('QX5555T', '3'),
('QX6666P', '3'),
('QX7774G', '3'),
('QX8887D', '3'),
('QX9123E', '3'),
('QX9999K', '3');

-- --------------------------------------------------------

--
-- Table structure for table `patrolcar_status`
--

CREATE TABLE `patrolcar_status` (
  `patrolcar_status_id` varchar(1) NOT NULL,
  `patrolcar_status_desc` varchar(20) NOT NULL
) ENGINE=InnoDB DEFAULT CHARSET=utf8mb4;

--
-- Dumping data for table `patrolcar_status`
--

INSERT INTO `patrolcar_status` (`patrolcar_status_id`, `patrolcar_status_desc`) VALUES
('4', 'Arrived '),
('1', 'Dispatched'),
('3', 'Free'),
('2', 'Patrol');

--
-- Indexes for dumped tables
--

--
-- Indexes for table `dispatch`
--
ALTER TABLE `dispatch`
  ADD PRIMARY KEY (`incident_id`,`patrolcar_id`),
  ADD KEY `patrolcar_id` (`patrolcar_id`);

--
-- Indexes for table `incident`
--
ALTER TABLE `incident`
  ADD PRIMARY KEY (`incident_id`),
  ADD KEY `incident_type_id` (`incident_type_id`,`incident_status_id`),
  ADD KEY `incident_status_id` (`incident_status_id`);

--
-- Indexes for table `incident_status`
--
ALTER TABLE `incident_status`
  ADD PRIMARY KEY (`incident_status_id`);

--
-- Indexes for table `incident_type`
--
ALTER TABLE `incident_type`
  ADD PRIMARY KEY (`incident_type_id`,`incident_type_desc`);

--
-- Indexes for table `patrolcar`
--
ALTER TABLE `patrolcar`
  ADD PRIMARY KEY (`patrolcar_id`),
  ADD KEY `patrolcar_status` (`patrolcar_status_id`);

--
-- Indexes for table `patrolcar_status`
--
ALTER TABLE `patrolcar_status`
  ADD PRIMARY KEY (`patrolcar_status_id`),
  ADD KEY `patrolcar_status_desc` (`patrolcar_status_desc`);

--
-- AUTO_INCREMENT for dumped tables
--

--
-- AUTO_INCREMENT for table `incident`
--
ALTER TABLE `incident`
  MODIFY `incident_id` int(11) NOT NULL AUTO_INCREMENT, AUTO_INCREMENT=128;

--
-- Constraints for dumped tables
--

--
-- Constraints for table `dispatch`
--
ALTER TABLE `dispatch`
  ADD CONSTRAINT `dispatch_ibfk_1` FOREIGN KEY (`patrolcar_id`) REFERENCES `patrolcar` (`patrolcar_id`),
  ADD CONSTRAINT `dispatch_ibfk_2` FOREIGN KEY (`incident_id`) REFERENCES `incident` (`incident_id`);

--
-- Constraints for table `incident`
--
ALTER TABLE `incident`
  ADD CONSTRAINT `incident_ibfk_1` FOREIGN KEY (`incident_type_id`) REFERENCES `incident_type` (`incident_type_id`),
  ADD CONSTRAINT `incident_ibfk_2` FOREIGN KEY (`incident_status_id`) REFERENCES `incident_status` (`incident_status_id`);

--
-- Constraints for table `patrolcar`
--
ALTER TABLE `patrolcar`
  ADD CONSTRAINT `patrolcar_ibfk_1` FOREIGN KEY (`patrolcar_status_id`) REFERENCES `patrolcar_status` (`patrolcar_status_id`);
COMMIT;

/*!40101 SET CHARACTER_SET_CLIENT=@OLD_CHARACTER_SET_CLIENT */;
/*!40101 SET CHARACTER_SET_RESULTS=@OLD_CHARACTER_SET_RESULTS */;
/*!40101 SET COLLATION_CONNECTION=@OLD_COLLATION_CONNECTION */;
